brand_slug,slug,model_number,notes
lg,lg-lfxs26973s,LFXS26973S,"Retail model # pattern; confirm on rating plate — do not rely on this row alone for fit."
lg,lg-lfxc22596s,LFXC22596S,"Retail model # pattern; confirm on rating plate — do not rely on this row alone for fit."
lg,lg-lmxs28626s,LMXS28626S,"Retail model # pattern; confirm on rating plate — do not rely on this row alone for fit."
lg,lg-lfcs22520s,LFCS22520S,"Retail model # pattern; confirm on rating plate — do not rely on this row alone for fit."
lg,lg-lrmvc2306s,LRMVC2306S,"Retail model # pattern; confirm on rating plate — do not rely on this row alone for fit."
lg,lg-lrfvs3006s,LRFVS3006S,"Retail model # pattern; confirm on rating plate — do not rely on this row alone for fit."
lg,lg-lfxs28596s,LFXS28596S,"Retail model # pattern; confirm on rating plate — do not rely on this row alone for fit."
lg,lg-lrsxs2706s,LRSXS2706S,"Retail model # pattern; confirm on rating plate — do not rely on this row alone for fit."
lg,lg-lsxs26366s,LSXS26366S,"Retail model # pattern; confirm on rating plate — do not rely on this row alone for fit."
lg,lg-lfds22520s,LFDS22520S,"Retail model # pattern; confirm on rating plate — do not rely on this row alone for fit."
lg,lg-lfxs28968s,LFXS28968S,"Retail model # pattern; confirm on rating plate — do not rely on this row alone for fit."
lg,lg-lmws27626s,LMWS27626S,"Retail model # pattern; confirm on rating plate — do not rely on this row alone for fit."
lg,lg-lfxc22526s,LFXC22526S,"Retail model # pattern; confirm on rating plate — do not rely on this row alone for fit."
lg,lg-lfxs30796d,LFXS30796D,"Retail model # pattern; confirm on rating plate — do not rely on this row alone for fit."
lg,lg-lfxs26973d,LFXS26973D,"Retail model # pattern; confirm on rating plate — do not rely on this row alone for fit."
lg,lg-lfxs28566s,LFXS28566S,"Retail model # pattern; confirm on rating plate — do not rely on this row alone for fit."
lg,lg-lfxs28968d,LFXS28968D,"Retail model # pattern; confirm on rating plate — do not rely on this row alone for fit."
lg,lg-lmxs30796s,LMXS30796S,"Retail model # pattern; confirm on rating plate — do not rely on this row alone for fit."
lg,lg-lfxc24796d,LFXC24796D,"Retail model # pattern; confirm on rating plate — do not rely on this row alone for fit."
lg,lg-lfcc22426s,LFCC22426S,"Retail model # pattern; confirm on rating plate — do not rely on this row alone for fit."
lg,lg-lfxs26596s,LFXS26596S,"Retail model # pattern; confirm on rating plate — do not rely on this row alone for fit."
lg,lg-lfxs28991s,LFXS28991S,"Retail model # pattern; confirm on rating plate — do not rely on this row alone for fit."
lg,lg-lrsos2706s,LRSOS2706S,"Retail model # pattern; confirm on rating plate — do not rely on this row alone for fit."
lg,lg-lrfxc2416s,LRFXC2416S,"Retail model # pattern; confirm on rating plate — do not rely on this row alone for fit."
lg,lg-lfxs28566d,LFXS28566D,"Retail model # pattern; confirm on rating plate — do not rely on this row alone for fit."
lg,lg-lfxc22596d,LFXC22596D,"Retail model # pattern; confirm on rating plate — do not rely on this row alone for fit."
lg,lg-lmxs28626d,LMXS28626D,"Retail model # pattern; confirm on rating plate — do not rely on this row alone for fit."
lg,lg-lfcs22520d,LFCS22520D,"Retail model # pattern; confirm on rating plate — do not rely on this row alone for fit."
lg,lg-lfxs26973b,LFXS26973B,"Retail model # pattern; confirm on rating plate — do not rely on this row alone for fit."
lg,lg-lfxs28596b,LFXS28596B,"Retail model # pattern; confirm on rating plate — do not rely on this row alone for fit."
lg,lg-lfxs30766s,LFXS30766S,"Retail model # pattern; confirm on rating plate — do not rely on this row alone for fit."
lg,lg-lfxs28968b,LFXS28968B,"Retail model # pattern; confirm on rating plate — do not rely on this row alone for fit."
lg,lg-lmws27626d,LMWS27626D,"Retail model # pattern; confirm on rating plate — do not rely on this row alone for fit."
lg,lg-lfxc22596b,LFXC22596B,"Retail model # pattern; confirm on rating plate — do not rely on this row alone for fit."
lg,lg-lmxs30796d,LMXS30796D,"Retail model # pattern; confirm on rating plate — do not rely on this row alone for fit."
lg,lg-lfxs28566m,LFXS28566M,"Retail model # pattern; confirm on rating plate — do not rely on this row alone for fit."
lg,lg-lfxs26973m,LFXS26973M,"Retail model # pattern; confirm on rating plate — do not rely on this row alone for fit."
lg,lg-lfcc23596s,LFCC23596S,"Retail model # pattern; confirm on rating plate — do not rely on this row alone for fit."
lg,lg-lrsxs2706d,LRSXS2706D,"Retail model # pattern; confirm on rating plate — do not rely on this row alone for fit."
lg,lg-lsxs26366d,LSXS26366D,"Retail model # pattern; confirm on rating plate — do not rely on this row alone for fit."
lg,lg-lfxs30796s,LFXS30796S,"Retail model # pattern; confirm on rating plate — do not rely on this row alone for fit."
lg,lg-lfxs28596m,LFXS28596M,"Retail model # pattern; confirm on rating plate — do not rely on this row alone for fit."
lg,lg-lmxs28626m,LMXS28626M,"Retail model # pattern; confirm on rating plate — do not rely on this row alone for fit."
lg,lg-lfxc24796s,LFXC24796S,"Retail model # pattern; confirm on rating plate — do not rely on this row alone for fit."
lg,lg-lfxs28991d,LFXS28991D,"Retail model # pattern; confirm on rating plate — do not rely on this row alone for fit."
lg,lg-lrmvc2306d,LRMVC2306D,"Retail model # pattern; confirm on rating plate — do not rely on this row alone for fit."
lg,lg-lrfvs3006d,LRFVS3006D,"Retail model # pattern; confirm on rating plate — do not rely on this row alone for fit."
lg,lg-lfxs26596d,LFXS26596D,"Retail model # pattern; confirm on rating plate — do not rely on this row alone for fit."
lg,lg-lfds22520b,LFDS22520B,"Retail model # pattern; confirm on rating plate — do not rely on this row alone for fit."
lg,lg-lfxs30766d,LFXS30766D,"Retail model # pattern; confirm on rating plate — do not rely on this row alone for fit."
lg,lg-lfxs28566b,LFXS28566B,"Retail model # pattern; confirm on rating plate — do not rely on this row alone for fit."
lg,lg-lfxs26996s,LFXS26996S,"Retail model # pattern; confirm on rating plate — do not rely on this row alone for fit."
lg,lg-lmxs30786s,LMXS30786S,"Retail model # pattern; confirm on rating plate — do not rely on this row alone for fit."
lg,lg-lfxc22536s,LFXC22536S,"Retail model # pattern; confirm on rating plate — do not rely on this row alone for fit."
lg,lg-lfxs27596s,LFXS27596S,"Retail model # pattern; confirm on rating plate — do not rely on this row alone for fit."
lg,lg-lrfxs3106s,LRFXS3106S,"Retail model # pattern; confirm on rating plate — do not rely on this row alone for fit."
lg,lg-lrfxs2503s,LRFXS2503S,"Retail model # pattern; confirm on rating plate — do not rely on this row alone for fit."
lg,lg-lfxs29766s,LFXS29766S,"Retail model # pattern; confirm on rating plate — do not rely on this row alone for fit."
lg,lg-lfx31945st,LFX31945ST,"Retail model # pattern; confirm on rating plate — do not rely on this row alone for fit."
lg,lg-lrfvc2406s,LRFVC2406S,"Retail model # pattern; confirm on rating plate — do not rely on this row alone for fit."
lg,lg-lfxc22526d,LFXC22526D,"Retail model # pattern; confirm on rating plate — do not rely on this row alone for fit."
lg,lg-lfxs24663s,LFXS24663S,"Retail model # pattern; confirm on rating plate — do not rely on this row alone for fit."
lg,lg-lfxs27196s,LFXS27196S,"Retail model # pattern; confirm on rating plate — do not rely on this row alone for fit."
lg,lg-lmxc24796s,LMXC24796S,"Retail model # pattern; confirm on rating plate — do not rely on this row alone for fit."
lg,lg-lfxc24726s,LFXC24726S,"Retail model # pattern; confirm on rating plate — do not rely on this row alone for fit."
lg,lg-lrfxs2503b,LRFXS2503B,"Retail model # pattern; confirm on rating plate — do not rely on this row alone for fit."
lg,lg-lrfxs3106b,LRFXS3106B,"Retail model # pattern; confirm on rating plate — do not rely on this row alone for fit."
lg,lg-lrfxs2503d,LRFXS2503D,"Retail model # pattern; confirm on rating plate — do not rely on this row alone for fit."
lg,lg-lrfxs3106d,LRFXS3106D,"Retail model # pattern; confirm on rating plate — do not rely on this row alone for fit."
lg,lg-lrfxs2503w,LRFXS2503W,"Retail model # pattern; confirm on rating plate — do not rely on this row alone for fit."
lg,lg-lrfxs3106w,LRFXS3106W,"Retail model # pattern; confirm on rating plate — do not rely on this row alone for fit."
lg,lg-lfxs29766d,LFXS29766D,"Retail model # pattern; confirm on rating plate — do not rely on this row alone for fit."
lg,lg-lfxs26566s,LFXS26566S,"Retail model # pattern; confirm on rating plate — do not rely on this row alone for fit."
lg,lg-lmxc28626s,LMXC28626S,"Retail model # pattern; confirm on rating plate — do not rely on this row alone for fit."
lg,lg-lrsxc2306s,LRSXC2306S,"Retail model # pattern; confirm on rating plate — do not rely on this row alone for fit."
lg,lg-lupxs3186n,LUPXS3186N,"Retail model # pattern; confirm on rating plate — do not rely on this row alone for fit."
lg,lg-lfxs24673s,LFXS24673S,"Retail model # pattern; confirm on rating plate — do not rely on this row alone for fit."
lg,lg-lfxs28573s,LFXS28573S,"Retail model # pattern; confirm on rating plate — do not rely on this row alone for fit."
lg,lg-lmxs30773s,LMXS30773S,"Retail model # pattern; confirm on rating plate — do not rely on this row alone for fit."
lg,lg-lfxc24773s,LFXC24773S,"Retail model # pattern; confirm on rating plate — do not rely on this row alone for fit."
lg,lg-lfcc25426s,LFCC25426S,"Retail model # pattern; confirm on rating plate — do not rely on this row alone for fit."
lg,lg-lfxs26983s,LFXS26983S,"Retail model # pattern; confirm on rating plate — do not rely on this row alone for fit."
lg,lg-lfxs30896s,LFXS30896S,"Retail model # pattern; confirm on rating plate — do not rely on this row alone for fit."
lg,lg-lmxs30896s,LMXS30896S,"Retail model # pattern; confirm on rating plate — do not rely on this row alone for fit."
lg,lg-lfxc24896s,LFXC24896S,"Retail model # pattern; confirm on rating plate — do not rely on this row alone for fit."
lg,lg-lfcs23520s,LFCS23520S,"Retail model # pattern; confirm on rating plate — do not rely on this row alone for fit."
lg,lg-lfxs28696s,LFXS28696S,"Retail model # pattern; confirm on rating plate — do not rely on this row alone for fit."
lg,lg-lmxs28726s,LMXS28726S,"Retail model # pattern; confirm on rating plate — do not rely on this row alone for fit."
lg,lg-lfxc22696s,LFXC22696S,"Retail model # pattern; confirm on rating plate — do not rely on this row alone for fit."
lg,lg-lfcc24596s,LFCC24596S,"Retail model # pattern; confirm on rating plate — do not rely on this row alone for fit."
lg,lg-lsxs27366s,LSXS27366S,"Retail model # pattern; confirm on rating plate — do not rely on this row alone for fit."
lg,lg-lfxs28973s,LFXS28973S,"Retail model # pattern; confirm on rating plate — do not rely on this row alone for fit."
lg,lg-lmws27673s,LMWS27673S,"Retail model # pattern; confirm on rating plate — do not rely on this row alone for fit."
lg,lg-lfxc22546s,LFXC22546S,"Retail model # pattern; confirm on rating plate — do not rely on this row alone for fit."
lg,lg-lmxs29626s,LMXS29626S,"Retail model # pattern; confirm on rating plate — do not rely on this row alone for fit."
lg,lg-lfxs29566s,LFXS29566S,"Retail model # pattern; confirm on rating plate — do not rely on this row alone for fit."
lg,lg-lrmvc2406s,LRMVC2406S,"Retail model # pattern; confirm on rating plate — do not rely on this row alone for fit."
lg,lg-lrfws3006s,LRFWS3006S,"Retail model # pattern; confirm on rating plate — do not rely on this row alone for fit."
lg,lg-lfxs30773s,LFXS30773S,"Retail model # pattern; confirm on rating plate — do not rely on this row alone for fit."
lg,lg-lfxc23596s,LFXC23596S,"Retail model # pattern; confirm on rating plate — do not rely on this row alone for fit."
samsung,samsung-rf28r7351sg,RF28R7351SG,"Retail model # pattern; confirm on rating plate — do not rely on this row alone for fit."
samsung,samsung-rf263beaesr,RF263BEAESR,"Retail model # pattern; confirm on rating plate — do not rely on this row alone for fit."
samsung,samsung-rf23j9011sg,RF23J9011SG,"Retail model # pattern; confirm on rating plate — do not rely on this row alone for fit."
samsung,samsung-rs25j500dsr,RS25J500DSR,"Retail model # pattern; confirm on rating plate — do not rely on this row alone for fit."
samsung,samsung-rf22k9381sg,RF22K9381SG,"Retail model # pattern; confirm on rating plate — do not rely on this row alone for fit."
samsung,samsung-rf28nhedbsr,RF28NHEDBSR,"Retail model # pattern; confirm on rating plate — do not rely on this row alone for fit."
samsung,samsung-rf27t5501sr,RF27T5501SR,"Retail model # pattern; confirm on rating plate — do not rely on this row alone for fit."
samsung,samsung-rf18hfenbsr,RF18HFENBSR,"Retail model # pattern; confirm on rating plate — do not rely on this row alone for fit."
samsung,samsung-rf28k9380sr,RF28K9380SR,"Retail model # pattern; confirm on rating plate — do not rely on this row alone for fit."
samsung,samsung-rf260beaesr,RF260BEAESR,"Retail model # pattern; confirm on rating plate — do not rely on this row alone for fit."
samsung,samsung-rf22k9581sg,RF22K9581SG,"Retail model # pattern; confirm on rating plate — do not rely on this row alone for fit."
samsung,samsung-rf23m8070sg,RF23M8070SG,"Retail model # pattern; confirm on rating plate — do not rely on this row alone for fit."
samsung,samsung-rf28r7201sr,RF28R7201SR,"Retail model # pattern; confirm on rating plate — do not rely on this row alone for fit."
samsung,samsung-rs22t5201sr,RS22T5201SR,"Retail model # pattern; confirm on rating plate — do not rely on this row alone for fit."
samsung,samsung-rf265beaesr,RF265BEAESR,"Retail model # pattern; confirm on rating plate — do not rely on this row alone for fit."
samsung,samsung-rf28r7551sr,RF28R7551SR,"Retail model # pattern; confirm on rating plate — do not rely on this row alone for fit."
samsung,samsung-rf23m8590sg,RF23M8590SG,"Retail model # pattern; confirm on rating plate — do not rely on this row alone for fit."
samsung,samsung-rf22kredbsg,RF22KREDBSG,"Retail model # pattern; confirm on rating plate — do not rely on this row alone for fit."
samsung,samsung-rf28r7351sr,RF28R7351SR,"Retail model # pattern; confirm on rating plate — do not rely on this row alone for fit."
samsung,samsung-rf263teaesr,RF263TEAESR,"Retail model # pattern; confirm on rating plate — do not rely on this row alone for fit."
samsung,samsung-rf28r6201sr,RF28R6201SR,"Retail model # pattern; confirm on rating plate — do not rely on this row alone for fit."
samsung,samsung-rf22m9581sg,RF22M9581SG,"Retail model # pattern; confirm on rating plate — do not rely on this row alone for fit."
samsung,samsung-rf23j9011sr,RF23J9011SR,"Retail model # pattern; confirm on rating plate — do not rely on this row alone for fit."
samsung,samsung-rs25h5111sr,RS25H5111SR,"Retail model # pattern; confirm on rating plate — do not rely on this row alone for fit."
samsung,samsung-rf28k9380sg,RF28K9380SG,"Retail model # pattern; confirm on rating plate — do not rely on this row alone for fit."
samsung,samsung-rf260beaesg,RF260BEAESG,"Retail model # pattern; confirm on rating plate — do not rely on this row alone for fit."
samsung,samsung-rf263beaesg,RF263BEAESG,"Retail model # pattern; confirm on rating plate — do not rely on this row alone for fit."
samsung,samsung-rf22k9381sr,RF22K9381SR,"Retail model # pattern; confirm on rating plate — do not rely on this row alone for fit."
samsung,samsung-rf28r7201sg,RF28R7201SG,"Retail model # pattern; confirm on rating plate — do not rely on this row alone for fit."
samsung,samsung-rf27t5501sg,RF27T5501SG,"Retail model # pattern; confirm on rating plate — do not rely on this row alone for fit."
samsung,samsung-rf18hfenbww,RF18HFENBWW,"Retail model # pattern; confirm on rating plate — do not rely on this row alone for fit."
samsung,samsung-rf28nhedbww,RF28NHEDBWW,"Retail model # pattern; confirm on rating plate — do not rely on this row alone for fit."
samsung,samsung-rf28r7551sg,RF28R7551SG,"Retail model # pattern; confirm on rating plate — do not rely on this row alone for fit."
samsung,samsung-rf265beaesg,RF265BEAESG,"Retail model # pattern; confirm on rating plate — do not rely on this row alone for fit."
samsung,samsung-rf23m8070sr,RF23M8070SR,"Retail model # pattern; confirm on rating plate — do not rely on this row alone for fit."
samsung,samsung-rf28r6201sg,RF28R6201SG,"Retail model # pattern; confirm on rating plate — do not rely on this row alone for fit."
samsung,samsung-rs22t5201sg,RS22T5201SG,"Retail model # pattern; confirm on rating plate — do not rely on this row alone for fit."
samsung,samsung-rf260beaesp,RF260BEAESP,"Retail model # pattern; confirm on rating plate — do not rely on this row alone for fit."
samsung,samsung-rf263beaesp,RF263BEAESP,"Retail model # pattern; confirm on rating plate — do not rely on this row alone for fit."
samsung,samsung-rf22k9581sr,RF22K9581SR,"Retail model # pattern; confirm on rating plate — do not rely on this row alone for fit."
samsung,samsung-rf23m8590sr,RF23M8590SR,"Retail model # pattern; confirm on rating plate — do not rely on this row alone for fit."
samsung,samsung-rf28k9380sw,RF28K9380SW,"Retail model # pattern; confirm on rating plate — do not rely on this row alone for fit."
samsung,samsung-rf28r7351ww,RF28R7351WW,"Retail model # pattern; confirm on rating plate — do not rely on this row alone for fit."
samsung,samsung-rf263beaeww,RF263BEAEWW,"Retail model # pattern; confirm on rating plate — do not rely on this row alone for fit."
samsung,samsung-rf27t5201sr,RF27T5201SR,"Retail model # pattern; confirm on rating plate — do not rely on this row alone for fit."
samsung,samsung-rf22n9781sg,RF22N9781SG,"Retail model # pattern; confirm on rating plate — do not rely on this row alone for fit."
samsung,samsung-rf23bb8200ql,RF23BB8200QL,"Retail model # pattern; confirm on rating plate — do not rely on this row alone for fit."
samsung,samsung-rf28r7551ww,RF28R7551WW,"Retail model # pattern; confirm on rating plate — do not rely on this row alone for fit."
samsung,samsung-rf260beaeww,RF260BEAEWW,"Retail model # pattern; confirm on rating plate — do not rely on this row alone for fit."
samsung,samsung-rf22k9381ww,RF22K9381WW,"Retail model # pattern; confirm on rating plate — do not rely on this row alone for fit."
samsung,samsung-rf28r7201ww,RF28R7201WW,"Retail model # pattern; confirm on rating plate — do not rely on this row alone for fit."
samsung,samsung-rf263teaesg,RF263TEAESG,"Retail model # pattern; confirm on rating plate — do not rely on this row alone for fit."
samsung,samsung-rf28r6201ww,RF28R6201WW,"Retail model # pattern; confirm on rating plate — do not rely on this row alone for fit."
samsung,samsung-rf23j9011ww,RF23J9011WW,"Retail model # pattern; confirm on rating plate — do not rely on this row alone for fit."
samsung,samsung-rs25j500dww,RS25J500DWW,"Retail model # pattern; confirm on rating plate — do not rely on this row alone for fit."
samsung,samsung-rf28r6241sr,RF28R6241SR,"Retail model # pattern; confirm on rating plate — do not rely on this row alone for fit."
samsung,samsung-rf28t5001sr,RF28T5001SR,"Retail model # pattern; confirm on rating plate — do not rely on this row alone for fit."
samsung,samsung-rf28t5001sg,RF28T5001SG,"Retail model # pattern; confirm on rating plate — do not rely on this row alone for fit."
samsung,samsung-rf28t5001ww,RF28T5001WW,"Retail model # pattern; confirm on rating plate — do not rely on this row alone for fit."
samsung,samsung-rf28t5f01sr,RF28T5F01SR,"Retail model # pattern; confirm on rating plate — do not rely on this row alone for fit."
samsung,samsung-rf26j7500sr,RF26J7500SR,"Retail model # pattern; confirm on rating plate — do not rely on this row alone for fit."
samsung,samsung-rf28k9070sr,RF28K9070SR,"Retail model # pattern; confirm on rating plate — do not rely on this row alone for fit."
samsung,samsung-rf24fsedbsr,RF24FSEDBSR,"Retail model # pattern; confirm on rating plate — do not rely on this row alone for fit."
samsung,samsung-rf22npedbsr,RF22NPEDBSR,"Retail model # pattern; confirm on rating plate — do not rely on this row alone for fit."
samsung,samsung-rf28hmedbsr,RF28HMEDBSR,"Retail model # pattern; confirm on rating plate — do not rely on this row alone for fit."
samsung,samsung-rf30bb8600ql,RF30BB8600QL,"Retail model # pattern; confirm on rating plate — do not rely on this row alone for fit."
samsung,samsung-rf23bb8900ql,RF23BB8900QL,"Retail model # pattern; confirm on rating plate — do not rely on this row alone for fit."
samsung,samsung-rf28r6301sr,RF28R6301SR,"Retail model # pattern; confirm on rating plate — do not rely on this row alone for fit."
samsung,samsung-rf28r7581sr,RF28R7581SR,"Retail model # pattern; confirm on rating plate — do not rely on this row alone for fit."
samsung,samsung-rf23a8771sr,RF23A8771SR,"Retail model # pattern; confirm on rating plate — do not rely on this row alone for fit."
samsung,samsung-rf20a5101sr,RF20A5101SR,"Retail model # pattern; confirm on rating plate — do not rely on this row alone for fit."
samsung,samsung-rf28t5021sr,RF28T5021SR,"Retail model # pattern; confirm on rating plate — do not rely on this row alone for fit."
samsung,samsung-rf24bb8900ql,RF24BB8900QL,"Retail model # pattern; confirm on rating plate — do not rely on this row alone for fit."
samsung,samsung-rf28r6251sr,RF28R6251SR,"Retail model # pattern; confirm on rating plate — do not rely on this row alone for fit."
samsung,samsung-rf28r6351sr,RF28R6351SR,"Retail model # pattern; confirm on rating plate — do not rely on this row alone for fit."
samsung,samsung-rf28k9071sg,RF28K9071SG,"Retail model # pattern; confirm on rating plate — do not rely on this row alone for fit."
samsung,samsung-rf28r7581sg,RF28R7581SG,"Retail model # pattern; confirm on rating plate — do not rely on this row alone for fit."
samsung,samsung-rf28r7552sr,RF28R7552SR,"Retail model # pattern; confirm on rating plate — do not rely on this row alone for fit."
samsung,samsung-rs25h5000sr,RS25H5000SR,"Retail model # pattern; confirm on rating plate — do not rely on this row alone for fit."
samsung,samsung-rs22h5000sr,RS22H5000SR,"Retail model # pattern; confirm on rating plate — do not rely on this row alone for fit."
samsung,samsung-rf18a5101sr,RF18A5101SR,"Retail model # pattern; confirm on rating plate — do not rely on this row alone for fit."
samsung,samsung-rf23m8570sg,RF23M8570SG,"Retail model # pattern; confirm on rating plate — do not rely on this row alone for fit."
samsung,samsung-rf22k9582sg,RF22K9582SG,"Retail model # pattern; confirm on rating plate — do not rely on this row alone for fit."
samsung,samsung-rf28t5101sr,RF28T5101SR,"Retail model # pattern; confirm on rating plate — do not rely on this row alone for fit."
samsung,samsung-rf28t5101sg,RF28T5101SG,"Retail model # pattern; confirm on rating plate — do not rely on this row alone for fit."
samsung,samsung-rf26hfendsr,RF26HFENDSR,"Retail model # pattern; confirm on rating plate — do not rely on this row alone for fit."
samsung,samsung-rf24fsedsr,RF24FSEDSR,"Retail model # pattern; confirm on rating plate — do not rely on this row alone for fit."
samsung,samsung-rf22npedbsg,RF22NPEDBSG,"Retail model # pattern; confirm on rating plate — do not rely on this row alone for fit."
samsung,samsung-rf28hmedbsg,RF28HMEDBSG,"Retail model # pattern; confirm on rating plate — do not rely on this row alone for fit."
samsung,samsung-rf28k9070sg,RF28K9070SG,"Retail model # pattern; confirm on rating plate — do not rely on this row alone for fit."
samsung,samsung-rf28k9070sw,RF28K9070SW,"Retail model # pattern; confirm on rating plate — do not rely on this row alone for fit."
samsung,samsung-rf28r6241sg,RF28R6241SG,"Retail model # pattern; confirm on rating plate — do not rely on this row alone for fit."
samsung,samsung-rf28r6241sw,RF28R6241SW,"Retail model # pattern; confirm on rating plate — do not rely on this row alone for fit."
samsung,samsung-rf28t5001sb,RF28T5001SB,"Retail model # pattern; confirm on rating plate — do not rely on this row alone for fit."
samsung,samsung-rf28r6201sw,RF28R6201SW,"Retail model # pattern; confirm on rating plate — do not rely on this row alone for fit."
samsung,samsung-rf28r7351sw,RF28R7351SW,"Retail model # pattern; confirm on rating plate — do not rely on this row alone for fit."
samsung,samsung-rf263teaeww,RF263TEAEWW,"Retail model # pattern; confirm on rating plate — do not rely on this row alone for fit."
samsung,samsung-rf28r7551sw,RF28R7551SW,"Retail model # pattern; confirm on rating plate — do not rely on this row alone for fit."
samsung,samsung-rf28r7581sw,RF28R7581SW,"Retail model # pattern; confirm on rating plate — do not rely on this row alone for fit."
samsung,samsung-rf28r6241sb,RF28R6241SB,"Retail model # pattern; confirm on rating plate — do not rely on this row alone for fit."
whirlpool,whirlpool-wrx735sdhz,WRX735SDHZ,"Retail model # pattern; confirm on rating plate — do not rely on this row alone for fit."
whirlpool,whirlpool-wrf767sdhz,WRF767SDHZ,"Retail model # pattern; confirm on rating plate — do not rely on this row alone for fit."
whirlpool,whirlpool-wrf535smhz,WRF535SMHZ,"Retail model # pattern; confirm on rating plate — do not rely on this row alone for fit."
whirlpool,whirlpool-wrx986sihz,WRX986SIHZ,"Retail model # pattern; confirm on rating plate — do not rely on this row alone for fit."
whirlpool,whirlpool-wrs588fihz,WRS588FIHZ,"Retail model # pattern; confirm on rating plate — do not rely on this row alone for fit."
whirlpool,whirlpool-wrf540cwhz,WRF540CWHZ,"Retail model # pattern; confirm on rating plate — do not rely on this row alone for fit."
whirlpool,whirlpool-wrf555sdfz,WRF555SDFZ,"Retail model # pattern; confirm on rating plate — do not rely on this row alone for fit."
whirlpool,whirlpool-wrs315sdhz,WRS315SDHZ,"Retail model # pattern; confirm on rating plate — do not rely on this row alone for fit."
whirlpool,whirlpool-wrs325sdhz,WRS325SDHZ,"Retail model # pattern; confirm on rating plate — do not rely on this row alone for fit."
whirlpool,whirlpool-wrs571cihz,WRS571CIHZ,"Retail model # pattern; confirm on rating plate — do not rely on this row alone for fit."
whirlpool,whirlpool-wrs325fdam,WRS325FDAM,"Retail model # pattern; confirm on rating plate — do not rely on this row alone for fit."
whirlpool,whirlpool-wrf757sdhz,WRF757SDHZ,"Retail model # pattern; confirm on rating plate — do not rely on this row alone for fit."
whirlpool,whirlpool-wrs588fihv,WRS588FIHV,"Retail model # pattern; confirm on rating plate — do not rely on this row alone for fit."
whirlpool,whirlpool-wrx735sdhb,WRX735SDHB,"Retail model # pattern; confirm on rating plate — do not rely on this row alone for fit."
whirlpool,whirlpool-wrf767sdhv,WRF767SDHV,"Retail model # pattern; confirm on rating plate — do not rely on this row alone for fit."
whirlpool,whirlpool-wrf535smhb,WRF535SMHB,"Retail model # pattern; confirm on rating plate — do not rely on this row alone for fit."
whirlpool,whirlpool-wrs588fihb,WRS588FIHB,"Retail model # pattern; confirm on rating plate — do not rely on this row alone for fit."
whirlpool,whirlpool-wrf540cwhb,WRF540CWHB,"Retail model # pattern; confirm on rating plate — do not rely on this row alone for fit."
whirlpool,whirlpool-wrf555sdhb,WRF555SDHB,"Retail model # pattern; confirm on rating plate — do not rely on this row alone for fit."
whirlpool,whirlpool-wrs315sdhb,WRS315SDHB,"Retail model # pattern; confirm on rating plate — do not rely on this row alone for fit."
whirlpool,whirlpool-wrs325sdhb,WRS325SDHB,"Retail model # pattern; confirm on rating plate — do not rely on this row alone for fit."
whirlpool,whirlpool-wrs571cihb,WRS571CIHB,"Retail model # pattern; confirm on rating plate — do not rely on this row alone for fit."
whirlpool,whirlpool-wrf757sdhv,WRF757SDHV,"Retail model # pattern; confirm on rating plate — do not rely on this row alone for fit."
whirlpool,whirlpool-wrx735sdhm,WRX735SDHM,"Retail model # pattern; confirm on rating plate — do not rely on this row alone for fit."
whirlpool,whirlpool-wrf767sdhm,WRF767SDHM,"Retail model # pattern; confirm on rating plate — do not rely on this row alone for fit."
whirlpool,whirlpool-wrf535smhm,WRF535SMHM,"Retail model # pattern; confirm on rating plate — do not rely on this row alone for fit."
whirlpool,whirlpool-wrs588fihm,WRS588FIHM,"Retail model # pattern; confirm on rating plate — do not rely on this row alone for fit."
whirlpool,whirlpool-wrf540cwhm,WRF540CWHM,"Retail model # pattern; confirm on rating plate — do not rely on this row alone for fit."
whirlpool,whirlpool-wrf555sdfm,WRF555SDFM,"Retail model # pattern; confirm on rating plate — do not rely on this row alone for fit."
whirlpool,whirlpool-wrs315sdhm,WRS315SDHM,"Retail model # pattern; confirm on rating plate — do not rely on this row alone for fit."
whirlpool,whirlpool-wrs325sdhm,WRS325SDHM,"Retail model # pattern; confirm on rating plate — do not rely on this row alone for fit."
whirlpool,whirlpool-wrs571cihm,WRS571CIHM,"Retail model # pattern; confirm on rating plate — do not rely on this row alone for fit."
whirlpool,whirlpool-wrf757sdhm,WRF757SDHM,"Retail model # pattern; confirm on rating plate — do not rely on this row alone for fit."
whirlpool,whirlpool-wrx986sihv,WRX986SIHV,"Retail model # pattern; confirm on rating plate — do not rely on this row alone for fit."
whirlpool,whirlpool-wrx986sihb,WRX986SIHB,"Retail model # pattern; confirm on rating plate — do not rely on this row alone for fit."
whirlpool,whirlpool-wrf540cwbz,WRF540CWBZ,"Retail model # pattern; confirm on rating plate — do not rely on this row alone for fit."
whirlpool,whirlpool-wrf535swhz,WRF535SWHZ,"Retail model # pattern; confirm on rating plate — do not rely on this row alone for fit."
whirlpool,whirlpool-wrs588sibm,WRS588SIBM,"Retail model # pattern; confirm on rating plate — do not rely on this row alone for fit."
whirlpool,whirlpool-wrs325sdhv,WRS325SDHV,"Retail model # pattern; confirm on rating plate — do not rely on this row alone for fit."
whirlpool,whirlpool-wrs315sdhv,WRS315SDHV,"Retail model # pattern; confirm on rating plate — do not rely on this row alone for fit."
whirlpool,whirlpool-wrf767sdhb,WRF767SDHB,"Retail model # pattern; confirm on rating plate — do not rely on this row alone for fit."
whirlpool,whirlpool-wrf555sdhv,WRF555SDHV,"Retail model # pattern; confirm on rating plate — do not rely on this row alone for fit."
whirlpool,whirlpool-wrs571cihv,WRS571CIHV,"Retail model # pattern; confirm on rating plate — do not rely on this row alone for fit."
whirlpool,whirlpool-wrf757sdhb,WRF757SDHB,"Retail model # pattern; confirm on rating plate — do not rely on this row alone for fit."
whirlpool,whirlpool-wrx735sdhv,WRX735SDHV,"Retail model # pattern; confirm on rating plate — do not rely on this row alone for fit."
whirlpool,whirlpool-wrf535sdhz,WRF535SDHZ,"Retail model # pattern; confirm on rating plate — do not rely on this row alone for fit."
whirlpool,whirlpool-wrf540cmhz,WRF540CMHZ,"Retail model # pattern; confirm on rating plate — do not rely on this row alone for fit."
whirlpool,whirlpool-wrf555sdhz,WRF555SDHZ,"Retail model # pattern; confirm on rating plate — do not rely on this row alone for fit."
whirlpool,whirlpool-wrs315snhm,WRS315SNHM,"Retail model # pattern; confirm on rating plate — do not rely on this row alone for fit."
whirlpool,whirlpool-wrs325snhz,WRS325SNHZ,"Retail model # pattern; confirm on rating plate — do not rely on this row alone for fit."
whirlpool,whirlpool-wrs571sdhz,WRS571SDHZ,"Retail model # pattern; confirm on rating plate — do not rely on this row alone for fit."
whirlpool,whirlpool-wrf757sdfz,WRF757SDFZ,"Retail model # pattern; confirm on rating plate — do not rely on this row alone for fit."
whirlpool,whirlpool-wrx986sdhz,WRX986SDHZ,"Retail model # pattern; confirm on rating plate — do not rely on this row alone for fit."
whirlpool,whirlpool-wrs312snhz,WRS312SNHZ,"Retail model # pattern; confirm on rating plate — do not rely on this row alone for fit."
whirlpool,whirlpool-wrs321snam,WRS321SNAM,"Retail model # pattern; confirm on rating plate — do not rely on this row alone for fit."
whirlpool,whirlpool-wrf954cihz,WRF954CIHZ,"Retail model # pattern; confirm on rating plate — do not rely on this row alone for fit."
whirlpool,whirlpool-wrs588aimw,WRS588AIMW,"Retail model # pattern; confirm on rating plate — do not rely on this row alone for fit."
whirlpool,whirlpool-wrf736sdam,WRF736SDAM,"Retail model # pattern; confirm on rating plate — do not rely on this row alone for fit."
whirlpool,whirlpool-wrs970cidm,WRS970CIDM,"Retail model # pattern; confirm on rating plate — do not rely on this row alone for fit."
whirlpool,whirlpool-wrx735sdbm,WRX735SDBM,"Retail model # pattern; confirm on rating plate — do not rely on this row alone for fit."
whirlpool,whirlpool-wrf991bohz,WRF991BOHZ,"Retail model # pattern; confirm on rating plate — do not rely on this row alone for fit."
whirlpool,whirlpool-wrs588sibw,WRS588SIBW,"Retail model # pattern; confirm on rating plate — do not rely on this row alone for fit."
whirlpool,whirlpool-wrf540cmbz,WRF540CMBZ,"Retail model # pattern; confirm on rating plate — do not rely on this row alone for fit."
whirlpool,whirlpool-wrx988sibw,WRX988SIBW,"Retail model # pattern; confirm on rating plate — do not rely on this row alone for fit."
whirlpool,whirlpool-wrs555sihz,WRS555SIHZ,"Retail model # pattern; confirm on rating plate — do not rely on this row alone for fit."
whirlpool,whirlpool-wrs321sdam,WRS321SDAM,"Retail model # pattern; confirm on rating plate — do not rely on this row alone for fit."
whirlpool,whirlpool-wrf757sdam,WRF757SDAM,"Retail model # pattern; confirm on rating plate — do not rely on this row alone for fit."
whirlpool,whirlpool-wrx735sdam,WRX735SDAM,"Retail model # pattern; confirm on rating plate — do not rely on this row alone for fit."
whirlpool,whirlpool-wrf535sdam,WRF535SDAM,"Retail model # pattern; confirm on rating plate — do not rely on this row alone for fit."
whirlpool,whirlpool-wrs571sdam,WRS571SDAM,"Retail model # pattern; confirm on rating plate — do not rely on this row alone for fit."
whirlpool,whirlpool-wrs588fiam,WRS588FIAM,"Retail model # pattern; confirm on rating plate — do not rely on this row alone for fit."
whirlpool,whirlpool-wrf756sdhz,WRF756SDHZ,"Retail model # pattern; confirm on rating plate — do not rely on this row alone for fit."
whirlpool,whirlpool-wrx735sdav,WRX735SDAV,"Retail model # pattern; confirm on rating plate — do not rely on this row alone for fit."
whirlpool,whirlpool-wrf554chhz,WRF554CHHZ,"Retail model # pattern; confirm on rating plate — do not rely on this row alone for fit."
whirlpool,whirlpool-wrs312snam,WRS312SNAM,"Retail model # pattern; confirm on rating plate — do not rely on this row alone for fit."
whirlpool,whirlpool-wrf767sdam,WRF767SDAM,"Retail model # pattern; confirm on rating plate — do not rely on this row alone for fit."
whirlpool,whirlpool-wrs588fidm,WRS588FIDM,"Retail model # pattern; confirm on rating plate — do not rely on this row alone for fit."
whirlpool,whirlpool-wrs325sdam,WRS325SDAM,"Retail model # pattern; confirm on rating plate — do not rely on this row alone for fit."
whirlpool,whirlpool-wrs315sdam,WRS315SDAM,"Retail model # pattern; confirm on rating plate — do not rely on this row alone for fit."
whirlpool,whirlpool-wrf555sdam,WRF555SDAM,"Retail model # pattern; confirm on rating plate — do not rely on this row alone for fit."
whirlpool,whirlpool-wrs571ciam,WRS571CIAM,"Retail model # pattern; confirm on rating plate — do not rely on this row alone for fit."
whirlpool,whirlpool-wrf757sihz,WRF757SIHZ,"Retail model # pattern; confirm on rating plate — do not rely on this row alone for fit."
whirlpool,whirlpool-wrx735sihz,WRX735SIHZ,"Retail model # pattern; confirm on rating plate — do not rely on this row alone for fit."
whirlpool,whirlpool-wrf535sihz,WRF535SIHZ,"Retail model # pattern; confirm on rating plate — do not rely on this row alone for fit."
whirlpool,whirlpool-wrs588sihz,WRS588SIHZ,"Retail model # pattern; confirm on rating plate — do not rely on this row alone for fit."
whirlpool,whirlpool-wrf540sihz,WRF540SIHZ,"Retail model # pattern; confirm on rating plate — do not rely on this row alone for fit."
whirlpool,whirlpool-wrf555sihz,WRF555SIHZ,"Retail model # pattern; confirm on rating plate — do not rely on this row alone for fit."
whirlpool,whirlpool-wrs315sihz,WRS315SIHZ,"Retail model # pattern; confirm on rating plate — do not rely on this row alone for fit."
whirlpool,whirlpool-wrs325sihz,WRS325SIHZ,"Retail model # pattern; confirm on rating plate — do not rely on this row alone for fit."
whirlpool,whirlpool-wrs571sihz,WRS571SIHZ,"Retail model # pattern; confirm on rating plate — do not rely on this row alone for fit."
whirlpool,whirlpool-wrf757sihv,WRF757SIHV,"Retail model # pattern; confirm on rating plate — do not rely on this row alone for fit."
whirlpool,whirlpool-wrx986sihw,WRX986SIHW,"Retail model # pattern; confirm on rating plate — do not rely on this row alone for fit."
whirlpool,whirlpool-wrf767sihz,WRF767SIHZ,"Retail model # pattern; confirm on rating plate — do not rely on this row alone for fit."
whirlpool,whirlpool-wrf535sibz,WRF535SIBZ,"Retail model # pattern; confirm on rating plate — do not rely on this row alone for fit."
whirlpool,whirlpool-wrf555sibz,WRF555SIBZ,"Retail model # pattern; confirm on rating plate — do not rely on this row alone for fit."
whirlpool,whirlpool-wrs315sibz,WRS315SIBZ,"Retail model # pattern; confirm on rating plate — do not rely on this row alone for fit."
whirlpool,whirlpool-wrs325sibz,WRS325SIBZ,"Retail model # pattern; confirm on rating plate — do not rely on this row alone for fit."
whirlpool,whirlpool-wrs571sibz,WRS571SIBZ,"Retail model # pattern; confirm on rating plate — do not rely on this row alone for fit."
whirlpool,whirlpool-wrf757sibz,WRF757SIBZ,"Retail model # pattern; confirm on rating plate — do not rely on this row alone for fit."
whirlpool,whirlpool-wrx735sibz,WRX735SIBZ,"Retail model # pattern; confirm on rating plate — do not rely on this row alone for fit."
ge,ge-gfe28gskss,GFE28GSKSS,"Retail model # pattern; confirm on rating plate — do not rely on this row alone for fit."
ge,ge-pfe28kskss,PFE28KSKSS,"Retail model # pattern; confirm on rating plate — do not rely on this row alone for fit."
ge,ge-gne27jsmss,GNE27JSMSS,"Retail model # pattern; confirm on rating plate — do not rely on this row alone for fit."
ge,ge-cye22tp2ms1,CYE22TP2MS1,"Retail model # pattern; confirm on rating plate — do not rely on this row alone for fit."
ge,ge-gss25gshss,GSS25GSHSS,"Retail model # pattern; confirm on rating plate — do not rely on this row alone for fit."
ge,ge-gfe28gmkes,GFE28GMKES,"Retail model # pattern; confirm on rating plate — do not rely on this row alone for fit."
ge,ge-pfe28kmkes,PFE28KMKES,"Retail model # pattern; confirm on rating plate — do not rely on this row alone for fit."
ge,ge-gne25jmkes,GNE25JMKES,"Retail model # pattern; confirm on rating plate — do not rely on this row alone for fit."
ge,ge-gfe26jymkfs,GFE26JYMKFS,"Retail model # pattern; confirm on rating plate — do not rely on this row alone for fit."
ge,ge-gss23gskss,GSS23GSKSS,"Retail model # pattern; confirm on rating plate — do not rely on this row alone for fit."
ge,ge-gfe28gynfs,GFE28GYNFS,"Retail model # pattern; confirm on rating plate — do not rely on this row alone for fit."
ge,ge-pfe28kynfs,PFE28KYNFS,"Retail model # pattern; confirm on rating plate — do not rely on this row alone for fit."
ge,ge-gne27jymfs,GNE27JYMFS,"Retail model # pattern; confirm on rating plate — do not rely on this row alone for fit."
ge,ge-gfe28hmkes,GFE28HMKES,"Retail model # pattern; confirm on rating plate — do not rely on this row alone for fit."
ge,ge-gss25gmkes,GSS25GMKES,"Retail model # pattern; confirm on rating plate — do not rely on this row alone for fit."
ge,ge-gfe28gskww,GFE28GSKWW,"Retail model # pattern; confirm on rating plate — do not rely on this row alone for fit."
ge,ge-pfe28kskww,PFE28KSKWW,"Retail model # pattern; confirm on rating plate — do not rely on this row alone for fit."
ge,ge-gne27jsmww,GNE27JSMWW,"Retail model # pattern; confirm on rating plate — do not rely on this row alone for fit."
ge,ge-gss25gshww,GSS25GSHWW,"Retail model # pattern; confirm on rating plate — do not rely on this row alone for fit."
ge,ge-gfe28gmkww,GFE28GMKWW,"Retail model # pattern; confirm on rating plate — do not rely on this row alone for fit."
ge,ge-pfe28kmkww,PFE28KMKWW,"Retail model # pattern; confirm on rating plate — do not rely on this row alone for fit."
ge,ge-gne25jmkww,GNE25JMKWW,"Retail model # pattern; confirm on rating plate — do not rely on this row alone for fit."
ge,ge-gfe26jymkww,GFE26JYMKWW,"Retail model # pattern; confirm on rating plate — do not rely on this row alone for fit."
ge,ge-gss23gskww,GSS23GSKWW,"Retail model # pattern; confirm on rating plate — do not rely on this row alone for fit."
ge,ge-gfe28gynww,GFE28GYNWW,"Retail model # pattern; confirm on rating plate — do not rely on this row alone for fit."
ge,ge-pfe28kynww,PFE28KYNWW,"Retail model # pattern; confirm on rating plate — do not rely on this row alone for fit."
ge,ge-gne27jymww,GNE27JYMWW,"Retail model # pattern; confirm on rating plate — do not rely on this row alone for fit."
ge,ge-gfe28hmkww,GFE28HMKWW,"Retail model # pattern; confirm on rating plate — do not rely on this row alone for fit."
ge,ge-gss25gmkww,GSS25GMKWW,"Retail model # pattern; confirm on rating plate — do not rely on this row alone for fit."
ge,ge-gfe28gskbb,GFE28GSKBB,"Retail model # pattern; confirm on rating plate — do not rely on this row alone for fit."
ge,ge-pfe28kskbb,PFE28KSKBB,"Retail model # pattern; confirm on rating plate — do not rely on this row alone for fit."
ge,ge-gne27jsmbb,GNE27JSMBB,"Retail model # pattern; confirm on rating plate — do not rely on this row alone for fit."
ge,ge-gss25gshbb,GSS25GSHBB,"Retail model # pattern; confirm on rating plate — do not rely on this row alone for fit."
ge,ge-gfe28gmkbb,GFE28GMKBB,"Retail model # pattern; confirm on rating plate — do not rely on this row alone for fit."
ge,ge-pfe28kmkbb,PFE28KMKBB,"Retail model # pattern; confirm on rating plate — do not rely on this row alone for fit."
ge,ge-gne25jmkbb,GNE25JMKBB,"Retail model # pattern; confirm on rating plate — do not rely on this row alone for fit."
ge,ge-gfe26jymkbb,GFE26JYMKBB,"Retail model # pattern; confirm on rating plate — do not rely on this row alone for fit."
ge,ge-gss23gskbb,GSS23GSKBB,"Retail model # pattern; confirm on rating plate — do not rely on this row alone for fit."
ge,ge-gfe28gynbb,GFE28GYNBB,"Retail model # pattern; confirm on rating plate — do not rely on this row alone for fit."
ge,ge-pfe28kynbb,PFE28KYNBB,"Retail model # pattern; confirm on rating plate — do not rely on this row alone for fit."
ge,ge-gne27jymbb,GNE27JYMBB,"Retail model # pattern; confirm on rating plate — do not rely on this row alone for fit."
ge,ge-gfe28hmkbb,GFE28HMKBB,"Retail model # pattern; confirm on rating plate — do not rely on this row alone for fit."
ge,ge-gss25gmkbb,GSS25GMKBB,"Retail model # pattern; confirm on rating plate — do not rely on this row alone for fit."
ge,ge-gfd28gslss,GFD28GSLSS,"Retail model # pattern; confirm on rating plate — do not rely on this row alone for fit."
ge,ge-gne27esmss,GNE27ESMSS,"Retail model # pattern; confirm on rating plate — do not rely on this row alone for fit."
ge,ge-gfe28hskss,GFE28HSKSS,"Retail model # pattern; confirm on rating plate — do not rely on this row alone for fit."
ge,ge-pfe28kblts,PFE28KBLTS,"Retail model # pattern; confirm on rating plate — do not rely on this row alone for fit."
ge,ge-gne27jmkbs,GNE27JMKBS,"Retail model # pattern; confirm on rating plate — do not rely on this row alone for fit."
ge,ge-gss25iynfs,GSS25IYNFS,"Retail model # pattern; confirm on rating plate — do not rely on this row alone for fit."
ge,ge-gfe28ggkww,GFE28GGKWW,"Retail model # pattern; confirm on rating plate — do not rely on this row alone for fit."
ge,ge-gne27jstss,GNE27JSTSS,"Retail model # pattern; confirm on rating plate — do not rely on this row alone for fit."
ge,ge-gfe28gskes,GFE28GSKES,"Retail model # pattern; confirm on rating plate — do not rely on this row alone for fit."
ge,ge-pfe28klyss,PFE28KLYSS,"Retail model # pattern; confirm on rating plate — do not rely on this row alone for fit."
ge,ge-gne25jskss,GNE25JSKSS,"Retail model # pattern; confirm on rating plate — do not rely on this row alone for fit."
ge,ge-gss23hshss,GSS23HSHSS,"Retail model # pattern; confirm on rating plate — do not rely on this row alone for fit."
ge,ge-gfe28gynes,GFE28GYNES,"Retail model # pattern; confirm on rating plate — do not rely on this row alone for fit."
ge,ge-gye22gskss,GYE22GSKSS,"Retail model # pattern; confirm on rating plate — do not rely on this row alone for fit."
ge,ge-gye22gskww,GYE22GSKWW,"Retail model # pattern; confirm on rating plate — do not rely on this row alone for fit."
ge,ge-gye22gskbb,GYE22GSKBB,"Retail model # pattern; confirm on rating plate — do not rely on this row alone for fit."
ge,ge-gye22hskss,GYE22HSKSS,"Retail model # pattern; confirm on rating plate — do not rely on this row alone for fit."
ge,ge-gye22hskww,GYE22HSKWW,"Retail model # pattern; confirm on rating plate — do not rely on this row alone for fit."
ge,ge-gye22hskbb,GYE22HSKBB,"Retail model # pattern; confirm on rating plate — do not rely on this row alone for fit."
ge,ge-cwe23sshss,CWE23SSHSS,"Retail model # pattern; confirm on rating plate — do not rely on this row alone for fit."
ge,ge-cwe23sshww,CWE23SSHWW,"Retail model # pattern; confirm on rating plate — do not rely on this row alone for fit."
ge,ge-cwe23sshbb,CWE23SSHBB,"Retail model # pattern; confirm on rating plate — do not rely on this row alone for fit."
ge,ge-cwe19tslss,CWE19TSLSS,"Retail model # pattern; confirm on rating plate — do not rely on this row alone for fit."
ge,ge-gfd28gslbb,GFD28GSLBB,"Retail model # pattern; confirm on rating plate — do not rely on this row alone for fit."
ge,ge-gfd28gslww,GFD28GSLWW,"Retail model # pattern; confirm on rating plate — do not rely on this row alone for fit."
ge,ge-pvd28bynfs,PVD28BYNFS,"Retail model # pattern; confirm on rating plate — do not rely on this row alone for fit."
ge,ge-pvd28bymfs,PVD28BYMFS,"Retail model # pattern; confirm on rating plate — do not rely on this row alone for fit."
ge,ge-pvd28bslss,PVD28BSLSS,"Retail model # pattern; confirm on rating plate — do not rely on this row alone for fit."
ge,ge-gne29gskss,GNE29GSKSS,"Retail model # pattern; confirm on rating plate — do not rely on this row alone for fit."
ge,ge-gne29gskww,GNE29GSKWW,"Retail model # pattern; confirm on rating plate — do not rely on this row alone for fit."
ge,ge-gne29gskbb,GNE29GSKBB,"Retail model # pattern; confirm on rating plate — do not rely on this row alone for fit."
ge,ge-gne29gymkfs,GNE29GYMKFS,"Retail model # pattern; confirm on rating plate — do not rely on this row alone for fit."
ge,ge-gfe24jgkww,GFE24JGKWW,"Retail model # pattern; confirm on rating plate — do not rely on this row alone for fit."
ge,ge-gfe24jgkbww,GFE24JGKBWW,"Retail model # pattern; confirm on rating plate — do not rely on this row alone for fit."
ge,ge-gfe24jgkbb,GFE24JGKBB,"Retail model # pattern; confirm on rating plate — do not rely on this row alone for fit."
ge,ge-gfe24jskfss,GFE24JSKFSS,"Retail model # pattern; confirm on rating plate — do not rely on this row alone for fit."
ge,ge-gse25gshss,GSE25GSHSS,"Retail model # pattern; confirm on rating plate — do not rely on this row alone for fit."
ge,ge-gse25hskss,GSE25HSKSS,"Retail model # pattern; confirm on rating plate — do not rely on this row alone for fit."
ge,ge-gse26gshess,GSE26GSHESS,"Retail model # pattern; confirm on rating plate — do not rely on this row alone for fit."
ge,ge-gss20eshss,GSS20ESHSS,"Retail model # pattern; confirm on rating plate — do not rely on this row alone for fit."
ge,ge-gss20eshbb,GSS20ESHBB,"Retail model # pattern; confirm on rating plate — do not rely on this row alone for fit."
ge,ge-gie18gsnarss,GIE18GSNARSS,"Retail model # pattern; confirm on rating plate — do not rely on this row alone for fit."
ge,ge-gie21gsnerss,GIE21GSNERSS,"Retail model # pattern; confirm on rating plate — do not rely on this row alone for fit."
ge,ge-gde21eskss,GDE21ESKSS,"Retail model # pattern; confirm on rating plate — do not rely on this row alone for fit."
ge,ge-gte18gsnrss,GTE18GSNRSS,"Retail model # pattern; confirm on rating plate — do not rely on this row alone for fit."
ge,ge-pye22pynfs,PYE22PYNFS,"Retail model # pattern; confirm on rating plate — do not rely on this row alone for fit."
ge,ge-pwe23kskss,PWE23KSKSS,"Retail model # pattern; confirm on rating plate — do not rely on this row alone for fit."
ge,ge-pwe23kmkes,PWE23KMKES,"Retail model # pattern; confirm on rating plate — do not rely on this row alone for fit."
ge,ge-cfe28tshss,CFE28TSHSS,"Retail model # pattern; confirm on rating plate — do not rely on this row alone for fit."
ge,ge-cfe29uskss,CFE29USKSS,"Retail model # pattern; confirm on rating plate — do not rely on this row alone for fit."
ge,ge-gsc25frshss,GSC25FRSHSS,"Retail model # pattern; confirm on rating plate — do not rely on this row alone for fit."
ge,ge-gss25lslss,GSS25LSLSS,"Retail model # pattern; confirm on rating plate — do not rely on this row alone for fit."
ge,ge-gfe28gelds,GFE28GELDS,"Retail model # pattern; confirm on rating plate — do not rely on this row alone for fit."
ge,ge-pfe28kelds,PFE28KELDS,"Retail model # pattern; confirm on rating plate — do not rely on this row alone for fit."
ge,ge-gne27fskss,GNE27FSKSS,"Retail model # pattern; confirm on rating plate — do not rely on this row alone for fit."
ge,ge-gne27fsnss,GNE27FSNSS,"Retail model # pattern; confirm on rating plate — do not rely on this row alone for fit."
ge,ge-gfe27jmkes,GFE27JMKES,"Retail model # pattern; confirm on rating plate — do not rely on this row alone for fit."
frigidaire,frigidaire-fghb2868pf,FGHB2868PF,"Retail model # pattern; confirm on rating plate — do not rely on this row alone for fit."
frigidaire,frigidaire-ffhb2740ps,FFHB2740PS,"Retail model # pattern; confirm on rating plate — do not rely on this row alone for fit."
frigidaire,frigidaire-fgsc2335tf,FGSC2335TF,"Retail model # pattern; confirm on rating plate — do not rely on this row alone for fit."
frigidaire,frigidaire-ffss2615ts,FFSS2615TS,"Retail model # pattern; confirm on rating plate — do not rely on this row alone for fit."
frigidaire,frigidaire-glrsf2663af,GLRSF2663AF,"Retail model # pattern; confirm on rating plate — do not rely on this row alone for fit."
frigidaire,frigidaire-fghb2868pf2,FGHB2868PF2,"Retail model # pattern; confirm on rating plate — do not rely on this row alone for fit."
frigidaire,frigidaire-ffhb2750ts,FFHB2750TS,"Retail model # pattern; confirm on rating plate — do not rely on this row alone for fit."
frigidaire,frigidaire-fgsc2335td,FGSC2335TD,"Retail model # pattern; confirm on rating plate — do not rely on this row alone for fit."
frigidaire,frigidaire-ffss2615te,FFSS2615TE,"Retail model # pattern; confirm on rating plate — do not rely on this row alone for fit."
frigidaire,frigidaire-fghb2866pf,FGHB2866PF,"Retail model # pattern; confirm on rating plate — do not rely on this row alone for fit."
frigidaire,frigidaire-ffhb2740pe,FFHB2740PE,"Retail model # pattern; confirm on rating plate — do not rely on this row alone for fit."
frigidaire,frigidaire-fgsc2335ts,FGSC2335TS,"Retail model # pattern; confirm on rating plate — do not rely on this row alone for fit."
frigidaire,frigidaire-ffss2615td,FFSS2615TD,"Retail model # pattern; confirm on rating plate — do not rely on this row alone for fit."
frigidaire,frigidaire-glrsf2663ad,GLRSF2663AD,"Retail model # pattern; confirm on rating plate — do not rely on this row alone for fit."
frigidaire,frigidaire-fghb2868pe,FGHB2868PE,"Retail model # pattern; confirm on rating plate — do not rely on this row alone for fit."
frigidaire,frigidaire-ffhb2740td,FFHB2740TD,"Retail model # pattern; confirm on rating plate — do not rely on this row alone for fit."
frigidaire,frigidaire-fgsc2335te,FGSC2335TE,"Retail model # pattern; confirm on rating plate — do not rely on this row alone for fit."
frigidaire,frigidaire-ffss2615tw,FFSS2615TW,"Retail model # pattern; confirm on rating plate — do not rely on this row alone for fit."
frigidaire,frigidaire-fghb2868lf,FGHB2868LF,"Retail model # pattern; confirm on rating plate — do not rely on this row alone for fit."
frigidaire,frigidaire-ffhb2740tw,FFHB2740TW,"Retail model # pattern; confirm on rating plate — do not rely on this row alone for fit."
frigidaire,frigidaire-fgsc2335tw,FGSC2335TW,"Retail model # pattern; confirm on rating plate — do not rely on this row alone for fit."
frigidaire,frigidaire-ffss2615lb,FFSS2615LB,"Retail model # pattern; confirm on rating plate — do not rely on this row alone for fit."
frigidaire,frigidaire-glrsf2663af2,GLRSF2663AF2,"Retail model # pattern; confirm on rating plate — do not rely on this row alone for fit."
frigidaire,frigidaire-fghb2866pe,FGHB2866PE,"Retail model # pattern; confirm on rating plate — do not rely on this row alone for fit."
frigidaire,frigidaire-ffhb2750te,FFHB2750TE,"Retail model # pattern; confirm on rating plate — do not rely on this row alone for fit."
frigidaire,frigidaire-fgsc2335tf2,FGSC2335TF2,"Retail model # pattern; confirm on rating plate — do not rely on this row alone for fit."
frigidaire,frigidaire-ffss2615ts2,FFSS2615TS2,"Retail model # pattern; confirm on rating plate — do not rely on this row alone for fit."
frigidaire,frigidaire-fghb2868pf3,FGHB2868PF3,"Retail model # pattern; confirm on rating plate — do not rely on this row alone for fit."
frigidaire,frigidaire-ffhb2740ps2,FFHB2740PS2,"Retail model # pattern; confirm on rating plate — do not rely on this row alone for fit."
frigidaire,frigidaire-fgsc2335tf3,FGSC2335TF3,"Retail model # pattern; confirm on rating plate — do not rely on this row alone for fit."
frigidaire,frigidaire-ffss2615ts3,FFSS2615TS3,"Retail model # pattern; confirm on rating plate — do not rely on this row alone for fit."
frigidaire,frigidaire-glrsf2663af3,GLRSF2663AF3,"Retail model # pattern; confirm on rating plate — do not rely on this row alone for fit."
frigidaire,frigidaire-fghb2868pf4,FGHB2868PF4,"Retail model # pattern; confirm on rating plate — do not rely on this row alone for fit."
frigidaire,frigidaire-ffhb2740ps3,FFHB2740PS3,"Retail model # pattern; confirm on rating plate — do not rely on this row alone for fit."
frigidaire,frigidaire-fgsc2335tf4,FGSC2335TF4,"Retail model # pattern; confirm on rating plate — do not rely on this row alone for fit."
frigidaire,frigidaire-ffss2615ts4,FFSS2615TS4,"Retail model # pattern; confirm on rating plate — do not rely on this row alone for fit."
frigidaire,frigidaire-fghb2866pf2,FGHB2866PF2,"Retail model # pattern; confirm on rating plate — do not rely on this row alone for fit."
frigidaire,frigidaire-ffhb2750ts2,FFHB2750TS2,"Retail model # pattern; confirm on rating plate — do not rely on this row alone for fit."
frigidaire,frigidaire-fgsc2335td2,FGSC2335TD2,"Retail model # pattern; confirm on rating plate — do not rely on this row alone for fit."
frigidaire,frigidaire-ffss2615te2,FFSS2615TE2,"Retail model # pattern; confirm on rating plate — do not rely on this row alone for fit."
frigidaire,frigidaire-fghb2868pf5,FGHB2868PF5,"Retail model # pattern; confirm on rating plate — do not rely on this row alone for fit."
frigidaire,frigidaire-ffhb2740ps4,FFHB2740PS4,"Retail model # pattern; confirm on rating plate — do not rely on this row alone for fit."
frigidaire,frigidaire-fgsc2335te3,FGSC2335TE3,"Retail model # pattern; confirm on rating plate — do not rely on this row alone for fit."
frigidaire,frigidaire-ffss2615tw2,FFSS2615TW2,"Retail model # pattern; confirm on rating plate — do not rely on this row alone for fit."
frigidaire,frigidaire-glrsf2663af4,GLRSF2663AF4,"Retail model # pattern; confirm on rating plate — do not rely on this row alone for fit."
frigidaire,frigidaire-fghb2868pe2,FGHB2868PE2,"Retail model # pattern; confirm on rating plate — do not rely on this row alone for fit."
frigidaire,frigidaire-ffhb2740td2,FFHB2740TD2,"Retail model # pattern; confirm on rating plate — do not rely on this row alone for fit."
frigidaire,frigidaire-fgsc2335tw2,FGSC2335TW2,"Retail model # pattern; confirm on rating plate — do not rely on this row alone for fit."
frigidaire,frigidaire-ffss2615lb2,FFSS2615LB2,"Retail model # pattern; confirm on rating plate — do not rely on this row alone for fit."
frigidaire,frigidaire-fghb2866lf,FGHB2866LF,"Retail model # pattern; confirm on rating plate — do not rely on this row alone for fit."
frigidaire,frigidaire-ffhb2740lb,FFHB2740LB,"Retail model # pattern; confirm on rating plate — do not rely on this row alone for fit."
frigidaire,frigidaire-fgsc2335lb,FGSC2335LB,"Retail model # pattern; confirm on rating plate — do not rely on this row alone for fit."
frigidaire,frigidaire-ffss2615ps,FFSS2615PS,"Retail model # pattern; confirm on rating plate — do not rely on this row alone for fit."
frigidaire,frigidaire-fghb2868ps,FGHB2868PS,"Retail model # pattern; confirm on rating plate — do not rely on this row alone for fit."
frigidaire,frigidaire-ffhb2740ps5,FFHB2740PS5,"Retail model # pattern; confirm on rating plate — do not rely on this row alone for fit."
frigidaire,frigidaire-grfs2873af,GRFS2873AF,"Retail model # pattern; confirm on rating plate — do not rely on this row alone for fit."
frigidaire,frigidaire-frss2623aw,FRSS2623AW,"Retail model # pattern; confirm on rating plate — do not rely on this row alone for fit."
frigidaire,frigidaire-ffhn2740ps,FFHN2740PS,"Retail model # pattern; confirm on rating plate — do not rely on this row alone for fit."
frigidaire,frigidaire-grfc2353af,GRFC2353AF,"Retail model # pattern; confirm on rating plate — do not rely on this row alone for fit."
frigidaire,frigidaire-frfs2823as,FRFS2823AS,"Retail model # pattern; confirm on rating plate — do not rely on this row alone for fit."
frigidaire,frigidaire-lfhb2741pf,LFHB2741PF,"Retail model # pattern; confirm on rating plate — do not rely on this row alone for fit."
frigidaire,frigidaire-ffhd2250ts,FFHD2250TS,"Retail model # pattern; confirm on rating plate — do not rely on this row alone for fit."
frigidaire,frigidaire-fpru19f8rf,FPRU19F8RF,"Retail model # pattern; confirm on rating plate — do not rely on this row alone for fit."
frigidaire,frigidaire-frss2333as,FRSS2333AS,"Retail model # pattern; confirm on rating plate — do not rely on this row alone for fit."
frigidaire,frigidaire-fgsc2345tf,FGSC2345TF,"Retail model # pattern; confirm on rating plate — do not rely on this row alone for fit."
frigidaire,frigidaire-grfs2833af,GRFS2833AF,"Retail model # pattern; confirm on rating plate — do not rely on this row alone for fit."
frigidaire,frigidaire-ffsc2323ts,FFSC2323TS,"Retail model # pattern; confirm on rating plate — do not rely on this row alone for fit."
frigidaire,frigidaire-ffhb2750us,FFHB2750US,"Retail model # pattern; confirm on rating plate — do not rely on this row alone for fit."
frigidaire,frigidaire-ffss2625ts,FFSS2625TS,"Retail model # pattern; confirm on rating plate — do not rely on this row alone for fit."
frigidaire,frigidaire-glrsf2663as,GLRSF2663AS,"Retail model # pattern; confirm on rating plate — do not rely on this row alone for fit."
frigidaire,frigidaire-fghd2365tf,FGHD2365TF,"Retail model # pattern; confirm on rating plate — do not rely on this row alone for fit."
frigidaire,frigidaire-fghd2368tf,FGHD2368TF,"Retail model # pattern; confirm on rating plate — do not rely on this row alone for fit."
frigidaire,frigidaire-ffss2315ts,FFSS2315TS,"Retail model # pattern; confirm on rating plate — do not rely on this row alone for fit."
frigidaire,frigidaire-ffss2515ts,FFSS2515TS,"Retail model # pattern; confirm on rating plate — do not rely on this row alone for fit."
frigidaire,frigidaire-frfs2623as,FRFS2623AS,"Retail model # pattern; confirm on rating plate — do not rely on this row alone for fit."
frigidaire,frigidaire-grfs2633af,GRFS2633AF,"Retail model # pattern; confirm on rating plate — do not rely on this row alone for fit."
frigidaire,frigidaire-crss2623as,CRSS2623AS,"Retail model # pattern; confirm on rating plate — do not rely on this row alone for fit."
frigidaire,frigidaire-ffhb2750tw,FFHB2750TW,"Retail model # pattern; confirm on rating plate — do not rely on this row alone for fit."
frigidaire,frigidaire-fghb2866ps,FGHB2866PS,"Retail model # pattern; confirm on rating plate — do not rely on this row alone for fit."
frigidaire,frigidaire-frfs2823aw,FRFS2823AW,"Retail model # pattern; confirm on rating plate — do not rely on this row alone for fit."
frigidaire,frigidaire-grfs2873as,GRFS2873AS,"Retail model # pattern; confirm on rating plate — do not rely on this row alone for fit."
frigidaire,frigidaire-grfc2353as,GRFC2353AS,"Retail model # pattern; confirm on rating plate — do not rely on this row alone for fit."
frigidaire,frigidaire-ffsc2323tw,FFSC2323TW,"Retail model # pattern; confirm on rating plate — do not rely on this row alone for fit."
frigidaire,frigidaire-lfhb2741pe,LFHB2741PE,"Retail model # pattern; confirm on rating plate — do not rely on this row alone for fit."
frigidaire,frigidaire-lfhb2741ps,LFHB2741PS,"Retail model # pattern; confirm on rating plate — do not rely on this row alone for fit."
frigidaire,frigidaire-ffhd2250te,FFHD2250TE,"Retail model # pattern; confirm on rating plate — do not rely on this row alone for fit."
frigidaire,frigidaire-ffhd2250tw,FFHD2250TW,"Retail model # pattern; confirm on rating plate — do not rely on this row alone for fit."
frigidaire,frigidaire-ffhn2740pe,FFHN2740PE,"Retail model # pattern; confirm on rating plate — do not rely on this row alone for fit."
frigidaire,frigidaire-ffhn2740tw,FFHN2740TW,"Retail model # pattern; confirm on rating plate — do not rely on this row alone for fit."
frigidaire,frigidaire-fpru19f8re,FPRU19F8RE,"Retail model # pattern; confirm on rating plate — do not rely on this row alone for fit."
frigidaire,frigidaire-frss2623as,FRSS2623AS,"Retail model # pattern; confirm on rating plate — do not rely on this row alone for fit."
frigidaire,frigidaire-ffht1621qs,FFHT1621QS,"Retail model # pattern; confirm on rating plate — do not rely on this row alone for fit."
frigidaire,frigidaire-ffht1821qs,FFHT1821QS,"Retail model # pattern; confirm on rating plate — do not rely on this row alone for fit."
frigidaire,frigidaire-ffht2021qs,FFHT2021QS,"Retail model # pattern; confirm on rating plate — do not rely on this row alone for fit."
frigidaire,frigidaire-cfse2333tb,CFSE2333TB,"Retail model # pattern; confirm on rating plate — do not rely on this row alone for fit."
frigidaire,frigidaire-frfs2613as,FRFS2613AS,"Retail model # pattern; confirm on rating plate — do not rely on this row alone for fit."
frigidaire,frigidaire-fghn2868pf,FGHN2868PF,"Retail model # pattern; confirm on rating plate — do not rely on this row alone for fit."
frigidaire,frigidaire-ffhb2750td,FFHB2750TD,"Retail model # pattern; confirm on rating plate — do not rely on this row alone for fit."
frigidaire,frigidaire-fghb2868td,FGHB2868TD,"Retail model # pattern; confirm on rating plate — do not rely on this row alone for fit."
frigidaire,frigidaire-ffhb2860ts,FFHB2860TS,"Retail model # pattern; confirm on rating plate — do not rely on this row alone for fit."
